"","","Year/Year","Month/Month"
"1","Consumer price index (CPI)",6.79611650485439,0.130039011703498
"2","CPI without energy",6.24113475177306,0.267737617135211
"3","Food",10.3298070939639,1.19863013698631
"4","Shelter",7.24823604874918,0.601684717208184
"5","Transportation",8.49420849420848,-0.881834215167554
"6","Good",7.97266514806378,0.211416490486238
"7","Services",5.75079872204474,0.181598062953992
